st_id,conum,co_id
1,1095,1
1,1073,2
1,1089,3
1,1123,4
1,1039,5
1,1015,6
1,1083,7
1,1055,8
1,1097,9
1,1117,10
1,1101,11
1,1081,12
1,1001,13
1,1003,14
1,1005,15
1,1007,16
1,1009,17
1,1053,18
1,1011,19
1,1013,20
1,1017,21
1,1019,22
1,1021,23
1,1023,24
1,1025,25
1,1027,26
1,1029,27
1,1031,28
1,1033,29
1,1035,30
1,1037,31
1,1041,32
1,1043,33
1,1045,34
1,1047,35
1,1049,36
1,1103,37
1,1091,38
1,1069,39
1,1051,40
1,1057,41
1,1077,42
1,1059,43
1,1061,44
1,1063,45
1,1065,46
1,1133,47
1,1067,48
1,1071,49
1,1127,50
1,1075,51
1,1079,52
1,1085,53
1,1087,54
1,1093,55
1,1099,56
1,1115,57
1,1105,58
1,1113,59
1,1107,60
1,1109,61
1,1111,62
1,1119,63
1,1121,64
1,1125,65
1,1129,66
1,1131,67
2,2050,68
2,2270,69
2,2158,70
2,2220,71
2,2013,72
2,2020,73
2,2180,74
2,2060,75
2,2240,76
2,2261,77
2,2198,78
2,2070,79
2,2290,80
2,2130,81
2,2110,82
2,2100,83
2,2105,84
2,2195,85
2,2122,86
2,2150,87
2,2170,88
2,2090,89
2,2185,90
2,2188,91
2,2016,92
2,2230,93
2,2068,94
2,2275,95
2,2282,96
3,4013,97
3,4025,98
3,4012,99
3,4015,100
3,4001,101
3,4017,102
3,4005,103
3,4003,104
3,4021,105
3,4009,106
3,4007,107
3,4023,108
3,4019,109
3,4011,110
3,4027,111
4,5001,112
4,5009,113
4,5089,114
4,5011,115
4,5019,116
4,5021,117
4,5029,118
4,5031,119
4,5043,120
4,5047,121
4,5053,122
4,5055,123
4,5057,124
4,5063,125
4,5065,126
4,5067,127
4,5069,128
4,5075,129
4,5079,130
4,5093,131
4,5099,132
4,5103,133
4,5107,134
4,5111,135
4,5133,136
4,5143,137
4,5145,138
4,5149,139
4,5003,140
4,5005,141
4,5027,142
4,5123,143
4,5073,144
4,5025,145
4,5101,146
4,5113,147
4,5129,148
4,5121,149
4,5033,150
4,5081,151
4,5115,152
4,5147,153
4,5125,154
4,5007,155
4,5015,156
4,5059,157
4,5083,158
4,5095,159
4,5085,160
4,5097,161
4,5135,162
4,5091,163
4,5071,164
4,5141,165
4,5023,166
4,5045,167
4,5051,168
4,5109,169
4,5017,170
4,5117,171
4,5061,172
4,5041,173
4,5035,174
4,5105,175
4,5139,176
4,5039,177
4,5131,178
4,5013,179
4,5037,180
4,5087,181
4,5119,182
4,5049,183
4,5127,184
4,5077,185
4,5137,186
5,6037,187
5,6041,188
5,6083,189
5,6035,190
5,6057,191
5,6061,192
5,6071,193
5,6105,194
5,6001,195
5,6019,196
5,6029,197
5,6065,198
5,6053,199
5,6047,200
5,6097,201
5,6107,202
5,6067,203
5,6023,204
5,6073,205
5,6087,206
5,6021,207
5,6077,208
5,6079,209
5,6007,210
5,6099,211
5,6039,212
5,6013,213
5,6017,214
5,6025,215
5,6059,216
5,6089,217
5,6093,218
5,6085,219
5,6111,220
5,6045,221
5,6031,222
5,6027,223
5,6003,224
5,6005,225
5,6103,226
5,6081,227
5,6109,228
5,6095,229
5,6009,230
5,6101,231
5,6055,232
5,6115,233
5,6069,234
5,6011,235
5,6113,236
5,6015,237
5,6051,238
5,6033,239
5,6043,240
5,6049,241
5,6063,242
5,6075,243
5,6091,244
6,8017,245
6,8031,246
6,8001,247
6,8077,248
6,8019,249
6,8093,250
6,8091,251
6,8089,252
6,8125,253
6,8119,254
6,8041,255
6,8039,256
6,8071,257
6,8121,258
6,8003,259
6,8021,260
6,8007,261
6,8063,262
6,8097,263
6,8123,264
6,8005,265
6,8067,266
6,8013,267
6,8087,268
6,8015,269
6,8009,270
6,8043,271
6,8109,272
6,8083,273
6,8079,274
6,8025,275
6,8105,276
6,8029,277
6,8033,278
6,8035,279
6,8061,280
6,8037,281
6,8069,282
6,8075,283
6,8023,284
6,8047,285
6,8045,286
6,8099,287
6,8049,288
6,8051,289
6,8095,290
6,8107,291
6,8053,292
6,8073,293
6,8059,294
6,8115,295
6,8055,296
6,8065,297
6,8011,298
6,8103,299
6,8081,300
6,8085,301
6,8113,302
6,8101,303
6,8111,304
6,8117,305
6,8057,306
6,8027,307
7,9013,308
7,9009,309
7,9015,310
7,9003,311
7,9005,312
7,9001,313
7,9011,314
7,9007,315
8,10003,316
8,10005,317
8,10001,318
9,11001,319
10,12001,320
10,12003,321
10,12005,322
10,12007,323
10,12009,324
10,12011,325
10,12013,326
10,12015,327
10,12017,328
10,12019,329
10,12021,330
10,12023,331
10,12086,332
10,12027,333
10,12029,334
10,12031,335
10,12033,336
10,12035,337
10,12037,338
10,12039,339
10,12041,340
10,12043,341
10,12045,342
10,12047,343
10,12049,344
10,12051,345
10,12053,346
10,12055,347
10,12057,348
10,12059,349
10,12061,350
10,12063,351
10,12065,352
10,12067,353
10,12069,354
10,12071,355
10,12073,356
10,12075,357
10,12077,358
10,12079,359
10,12081,360
10,12083,361
10,12085,362
10,12087,363
10,12089,364
10,12091,365
10,12093,366
10,12095,367
10,12097,368
10,12099,369
10,12101,370
10,12103,371
10,12105,372
10,12107,373
10,12113,374
10,12115,375
10,12117,376
10,12109,377
10,12111,378
10,12119,379
10,12121,380
10,12123,381
10,12125,382
10,12127,383
10,12129,384
10,12131,385
10,12133,386
11,13285,387
11,13115,388
11,13123,389
11,13311,390
11,13067,391
11,13059,392
11,13077,393
11,13255,394
11,13225,395
11,13303,396
11,13189,397
11,13249,398
11,13091,399
11,13031,400
11,13205,401
11,13075,402
11,13299,403
11,13001,404
11,13003,405
11,13121,406
11,13005,407
11,13007,408
11,13009,409
11,13011,410
11,13013,411
11,13015,412
11,13017,413
11,13019,414
11,13021,415
11,13023,416
11,13025,417
11,13143,418
11,13027,419
11,13029,420
11,13135,421
11,13033,422
11,13035,423
11,13129,424
11,13037,425
11,13039,426
11,13043,427
11,13045,428
11,13047,429
11,13049,430
11,13051,431
11,13053,432
11,13055,433
11,13057,434
11,13295,435
11,13061,436
11,13063,437
11,13065,438
11,13069,439
11,13071,440
11,13073,441
11,13157,442
11,13079,443
11,13081,444
11,13083,445
11,13313,446
11,13085,447
11,13089,448
11,13087,449
11,13093,450
11,13095,451
11,13097,452
11,13175,453
11,13099,454
11,13101,455
11,13103,456
11,13105,457
11,13107,458
11,13109,459
11,13111,460
11,13113,461
11,13117,462
11,13119,463
11,13139,464
11,13125,465
11,13127,466
11,13131,467
11,13133,468
11,13137,469
11,13141,470
11,13145,471
11,13147,472
11,13149,473
11,13151,474
11,13153,475
11,13155,476
11,13159,477
11,13161,478
11,13163,479
11,13165,480
11,13167,481
11,13169,482
11,13171,483
11,13173,484
11,13177,485
11,13179,486
11,13181,487
11,13183,488
11,13185,489
11,13187,490
11,13193,491
11,13195,492
11,13197,493
11,13191,494
11,13199,495
11,13201,496
11,13207,497
11,13209,498
11,13211,499
11,13213,500
11,13215,501
11,13217,502
11,13219,503
11,13221,504
11,13223,505
11,13227,506
11,13229,507
11,13231,508
11,13233,509
11,13235,510
11,13237,511
11,13239,512
11,13241,513
11,13243,514
11,13245,515
11,13247,516
11,13251,517
11,13253,518
11,13297,519
11,13257,520
11,13259,521
11,13261,522
11,13263,523
11,13265,524
11,13267,525
11,13269,526
11,13271,527
11,13273,528
11,13275,529
11,13277,530
11,13279,531
11,13281,532
11,13283,533
11,13287,534
11,13289,535
11,13291,536
11,13293,537
11,13301,538
11,13305,539
11,13307,540
11,13309,541
11,13315,542
11,13317,543
11,13319,544
11,13321,545
12,15003,546
13,16017,547
13,16057,548
13,16011,549
13,16077,550
13,16049,551
13,16079,552
13,16027,553
13,16015,554
13,16007,555
13,16013,556
13,16047,557
13,16001,558
13,16021,559
13,16073,560
13,16083,561
13,16023,562
13,16025,563
13,16087,564
13,16085,565
13,16031,566
13,16037,567
13,16033,568
13,16055,569
13,16009,570
13,16003,571
13,16069,572
13,16063,573
13,16019,574
13,16041,575
13,16045,576
13,16043,577
13,16075,578
13,16039,579
13,16029,580
13,16061,581
13,16051,582
13,16053,583
13,16065,584
13,16005,585
13,16067,586
13,16071,587
13,16035,588
13,41045,589
13,16059,590
13,16081,591
14,17085,592
14,17023,593
14,17039,594
14,17193,595
14,17105,596
14,17015,597
14,17145,598
14,17097,599
14,17001,600
14,17087,601
14,17127,602
14,17051,603
14,17007,604
14,17029,605
14,17031,606
14,17037,607
14,17113,608
14,17053,609
14,17057,610
14,17143,611
14,17059,612
14,17055,613
14,17075,614
14,17077,615
14,17089,616
14,17091,617
14,17095,618
14,17107,619
14,17115,620
14,17163,621
14,17121,622
14,17111,623
14,17137,624
14,17141,625
14,17161,626
14,17177,627
14,17179,628
14,17183,629
14,17197,630
14,17013,631
14,17017,632
14,17019,633
14,17099,634
14,17125,635
14,17123,636
14,17167,637
14,17199,638
14,17045,639
14,17011,640
14,17043,641
14,17173,642
14,17021,643
14,17119,644
14,17139,645
14,17195,646
14,17093,647
14,17003,648
14,17201,649
14,17135,650
14,17033,651
14,17025,652
14,17063,653
14,17081,654
14,17109,655
14,17187,656
14,17083,657
14,17203,658
14,17133,659
14,17157,660
14,17079,661
14,17071,662
14,17175,663
14,17073,664
14,17153,665
14,17169,666
14,17067,667
14,17149,668
14,17131,669
14,17117,670
14,17027,671
14,17185,672
14,17049,673
14,17103,674
14,17181,675
14,17041,676
14,17189,677
14,17129,678
14,17147,679
14,17171,680
14,17165,681
14,17061,682
14,17191,683
14,17065,684
14,17159,685
14,17047,686
14,17005,687
14,17069,688
14,17101,689
14,17009,690
14,17035,691
14,17151,692
14,17155,693
15,18055,694
15,18145,695
15,18135,696
15,18133,697
15,18003,698
15,18117,699
15,18001,700
15,18041,701
15,18019,702
15,18091,703
15,18179,704
15,18183,705
15,18121,706
15,18095,707
15,18089,708
15,18137,709
15,18097,710
15,18099,711
15,18045,712
15,18029,713
15,18063,714
15,18027,715
15,18005,716
15,18047,717
15,18039,718
15,18007,719
15,18009,720
15,18105,721
15,18065,722
15,18061,723
15,18127,724
15,18021,725
15,18013,726
15,18071,727
15,18123,728
15,18057,729
15,18015,730
15,18049,731
15,18081,732
15,18177,733
15,18033,734
15,18113,735
15,18067,736
15,18023,737
15,18167,738
15,18025,739
15,18107,740
15,18031,741
15,18035,742
15,18011,743
15,18051,744
15,18175,745
15,18053,746
15,18059,747
15,18109,748
15,18163,749
15,18151,750
15,18181,751
15,18125,752
15,18037,753
15,18069,754
15,18075,755
15,18079,756
15,18073,757
15,18149,758
15,18157,759
15,18087,760
15,18085,761
15,18017,762
15,18101,763
15,18171,764
15,18103,765
15,18077,766
15,18169,767
15,18141,768
15,18093,769
15,18131,770
15,18129,771
15,18043,772
15,18083,773
15,18111,774
15,18147,775
15,18159,776
15,18165,777
15,18153,778
15,18115,779
15,18139,780
15,18143,781
15,18119,782
15,18155,783
15,18161,784
15,18173,785
16,19065,786
16,19099,787
16,19143,788
16,19059,789
16,19013,790
16,19021,791
16,19025,792
16,19077,793
16,19141,794
16,19155,795
16,19187,796
16,19083,797
16,19127,798
16,19171,799
16,19185,800
16,19049,801
16,19149,802
16,19135,803
16,19113,804
16,19109,805
16,19005,806
16,19023,807
16,19169,808
16,19105,809
16,19097,810
16,19029,811
16,19153,812
16,19193,813
16,19047,814
16,19063,815
16,19009,816
16,19035,817
16,19093,818
16,19075,819
16,19173,820
16,19011,821
16,19197,822
16,19031,823
16,19163,824
16,19123,825
16,19179,826
16,19015,827
16,19167,828
16,19081,829
16,19157,830
16,19189,831
16,19057,832
16,19069,833
16,19045,834
16,19181,835
16,19027,836
16,19007,837
16,19043,838
16,19053,839
16,19087,840
16,19111,841
16,19119,842
16,19117,843
16,19067,844
16,19145,845
16,19039,846
16,19041,847
16,19103,848
16,19033,849
16,19115,850
16,19003,851
16,19175,852
16,19051,853
16,19191,854
16,19017,855
16,19159,856
16,19061,857
16,19085,858
16,19121,859
16,19019,860
16,19073,861
16,19055,862
16,19165,863
16,19147,864
16,19095,865
16,19101,866
16,19071,867
16,19037,868
16,19129,869
16,19091,870
16,19001,871
16,19177,872
16,19183,873
16,19089,874
16,19107,875
16,19125,876
16,19151,877
16,19133,878
16,19139,879
16,19195,880
16,19079,881
16,19161,882
16,19131,883
16,19137,884
17,20169,885
17,20113,886
17,20149,887
17,20013,888
17,20183,889
17,20201,890
17,20109,891
17,20059,892
17,20117,893
17,20171,894
17,20135,895
17,20153,896
17,20089,897
17,20157,898
17,20043,899
17,20053,900
17,20131,901
17,20041,902
17,20177,903
17,20111,904
17,20197,905
17,20137,906
17,20099,907
17,20015,908
17,20077,909
17,20191,910
17,20035,911
17,20037,912
17,20025,913
17,20005,914
17,20045,915
17,20103,916
17,20021,917
17,20123,918
17,20143,919
17,20165,920
17,20209,921
17,20193,922
17,20057,923
17,20205,924
17,20155,925
17,20139,926
17,20031,927
17,20079,928
17,20125,929
17,20019,930
17,20133,931
17,20159,932
17,20173,933
17,20023,934
17,20069,935
17,20085,936
17,20027,937
17,20029,938
17,20033,939
17,20017,940
17,20127,941
17,20095,942
17,20093,943
17,20091,944
17,20101,945
17,20049,946
17,20129,947
17,20009,948
17,20051,949
17,20073,950
17,20011,951
17,20119,952
17,20055,953
17,20003,954
17,20115,955
17,20181,956
17,20063,957
17,20071,958
17,20097,959
17,20083,960
17,20065,961
17,20179,962
17,20189,963
17,20001,964
17,20107,965
17,20187,966
17,20061,967
17,20047,968
17,20007,969
17,20175,970
17,20145,971
17,20203,972
17,20105,973
17,20147,974
17,20121,975
17,20185,976
17,20161,977
17,20087,978
17,20141,979
17,20039,980
17,20163,981
17,20151,982
17,20167,983
17,20081,984
17,20199,985
17,20075,986
17,20067,987
17,20195,988
17,20207,989
18,21001,990
18,21003,991
18,21177,992
18,21111,993
18,21005,994
18,21019,995
18,21023,996
18,21007,997
18,21121,998
18,21179,999
18,21009,1000
18,21011,1001
18,21117,1002
18,21013,1003
18,21037,1004
18,21151,1005
18,21015,1006
18,21017,1007
18,21227,1008
18,21021,1009
18,21025,1010
18,21027,1011
18,21029,1012
18,21167,1013
18,21031,1014
18,21033,1015
18,21035,1016
18,21217,1017
18,21039,1018
18,21041,1019
18,21043,1020
18,21045,1021
18,21047,1022
18,21049,1023
18,21051,1024
18,21053,1025
18,21235,1026
18,21055,1027
18,21057,1028
18,21059,1029
18,21107,1030
18,21125,1031
18,21061,1032
18,21093,1033
18,21063,1034
18,21103,1035
18,21065,1036
18,21067,1037
18,21069,1038
18,21071,1039
18,21073,1040
18,21075,1041
18,21077,1042
18,21079,1043
18,21081,1044
18,21083,1045
18,21085,1046
18,21087,1047
18,21089,1048
18,21091,1049
18,21095,1050
18,21097,1051
18,21099,1052
18,21193,1053
18,21101,1054
18,21105,1055
18,21109,1056
18,21133,1057
18,21113,1058
18,21115,1059
18,21119,1060
18,21123,1061
18,21127,1062
18,21129,1063
18,21131,1064
18,21135,1065
18,21137,1066
18,21139,1067
18,21141,1068
18,21143,1069
18,21153,1070
18,21155,1071
18,21157,1072
18,21159,1073
18,21161,1074
18,21145,1075
18,21147,1076
18,21149,1077
18,21163,1078
18,21165,1079
18,21169,1080
18,21171,1081
18,21173,1082
18,21231,1083
18,21175,1084
18,21181,1085
18,21183,1086
18,21185,1087
18,21187,1088
18,21189,1089
18,21191,1090
18,21195,1091
18,21197,1092
18,21199,1093
18,21201,1094
18,21203,1095
18,21205,1096
18,21207,1097
18,21209,1098
18,21211,1099
18,21213,1100
18,21215,1101
18,21219,1102
18,21221,1103
18,21223,1104
18,21225,1105
18,21229,1106
18,21233,1107
18,21237,1108
18,21239,1109
19,22001,1110
19,22033,1111
19,22071,1112
19,22003,1113
19,22005,1114
19,22007,1115
19,22009,1116
19,22011,1117
19,22013,1118
19,22117,1119
19,22015,1120
19,22017,1121
19,22019,1122
19,22021,1123
19,22023,1124
19,22025,1125
19,22027,1126
19,22029,1127
19,22031,1128
19,22035,1129
19,22037,1130
19,22039,1131
19,22041,1132
19,22043,1133
19,22045,1134
19,22047,1135
19,22049,1136
19,22053,1137
19,22051,1138
19,22055,1139
19,22057,1140
19,22059,1141
19,22061,1142
19,22063,1143
19,22065,1144
19,22073,1145
19,22067,1146
19,22069,1147
19,22075,1148
19,22077,1149
19,22079,1150
19,22081,1151
19,22083,1152
19,22085,1153
19,22087,1154
19,22089,1155
19,22091,1156
19,22093,1157
19,22095,1158
19,22097,1159
19,22099,1160
19,22101,1161
19,22103,1162
19,22105,1163
19,22107,1164
19,22109,1165
19,22111,1166
19,22113,1167
19,22115,1168
19,22119,1169
19,22121,1170
19,22123,1171
19,22125,1172
19,22127,1173
20,23003,1174
20,23011,1175
20,23015,1176
20,23005,1177
20,23025,1178
20,23013,1179
20,23019,1180
20,23029,1181
20,23031,1182
20,23001,1183
20,23009,1184
20,23021,1185
20,23007,1186
20,23017,1187
20,23027,1188
20,23023,1189
21,24001,1190
21,24003,1191
21,24510,1192
21,24005,1193
21,24009,1194
21,24011,1195
21,24013,1196
21,24015,1197
21,24017,1198
21,24019,1199
21,24021,1200
21,24023,1201
21,24025,1202
21,24027,1203
21,24029,1204
21,24031,1205
21,24033,1206
21,24035,1207
21,24039,1208
21,24037,1209
21,24041,1210
21,24043,1211
21,24045,1212
21,24047,1213
22,25027,1214
22,25013,1215
22,25015,1216
22,25007,1217
22,25009,1218
22,25005,1219
22,25017,1220
22,25001,1221
22,25023,1222
22,25003,1223
22,25021,1224
22,25025,1225
22,25011,1226
22,25019,1227
23,26025,1228
23,26053,1229
23,26063,1230
23,26097,1231
23,26103,1232
23,26131,1233
23,26163,1234
23,26013,1235
23,26003,1236
23,26123,1237
23,26061,1238
23,26091,1239
23,26115,1240
23,26157,1241
23,26009,1242
23,26001,1243
23,26147,1244
23,26005,1245
23,26139,1246
23,26057,1247
23,26087,1248
23,26007,1249
23,26161,1250
23,26011,1251
23,26099,1252
23,26049,1253
23,26119,1254
23,26125,1255
23,26085,1256
23,26159,1257
23,26017,1258
23,26109,1259
23,26037,1260
23,26073,1261
23,26101,1262
23,26029,1263
23,26051,1264
23,26067,1265
23,26045,1266
23,26021,1267
23,26019,1268
23,26153,1269
23,26041,1270
23,26107,1271
23,26145,1272
23,26043,1273
23,26093,1274
23,26033,1275
23,26023,1276
23,26075,1277
23,26151,1278
23,26165,1279
23,26111,1280
23,26149,1281
23,26155,1282
23,26081,1283
23,26059,1284
23,26117,1285
23,26027,1286
23,26031,1287
23,26035,1288
23,26077,1289
23,26135,1290
23,26039,1291
23,26071,1292
23,26065,1293
23,26015,1294
23,26133,1295
23,26079,1296
23,26105,1297
23,26121,1298
23,26137,1299
23,26143,1300
23,26089,1301
23,26083,1302
23,26069,1303
23,26047,1304
23,26127,1305
23,26055,1306
23,26113,1307
23,26095,1308
23,26141,1309
23,26129,1310
24,27137,1311
24,27043,1312
24,27013,1313
24,27045,1314
24,27019,1315
24,27079,1316
24,27153,1317
24,27025,1318
24,27041,1319
24,27121,1320
24,27159,1321
24,27129,1322
24,27089,1323
24,27053,1324
24,27037,1325
24,27007,1326
24,27059,1327
24,27171,1328
24,27125,1329
24,27005,1330
24,27149,1331
24,27111,1332
24,27091,1333
24,27173,1334
24,27139,1335
24,27119,1336
24,27109,1337
24,27169,1338
24,27023,1339
24,27103,1340
24,27145,1341
24,27097,1342
24,27123,1343
24,27113,1344
24,27083,1345
24,27161,1346
24,27101,1347
24,27107,1348
24,27143,1349
24,27029,1350
24,27051,1351
24,27093,1352
24,27135,1353
24,27117,1354
24,27127,1355
24,27061,1356
24,27073,1357
24,27085,1358
24,27163,1359
24,27047,1360
24,27011,1361
24,27033,1362
24,27049,1363
24,27063,1364
24,27009,1365
24,27027,1366
24,27157,1367
24,27081,1368
24,27035,1369
24,27099,1370
24,27105,1371
24,27001,1372
24,27021,1373
24,27003,1374
24,27017,1375
24,27141,1376
24,27151,1377
24,27147,1378
24,27167,1379
24,27155,1380
24,27165,1381
24,27055,1382
24,27015,1383
24,27115,1384
24,27131,1385
24,27031,1386
24,27039,1387
24,27133,1388
24,27071,1389
24,27095,1390
24,27067,1391
24,27077,1392
24,27069,1393
24,27057,1394
24,27087,1395
24,27065,1396
24,27075,1397
25,28011,1398
25,28133,1399
25,28105,1400
25,28025,1401
25,28095,1402
25,28003,1403
25,28005,1404
25,28007,1405
25,28081,1406
25,28045,1407
25,28009,1408
25,28047,1409
25,28117,1410
25,28085,1411
25,28013,1412
25,28089,1413
25,28015,1414
25,28017,1415
25,28019,1416
25,28021,1417
25,28027,1418
25,28049,1419
25,28161,1420
25,28091,1421
25,28087,1422
25,28029,1423
25,28031,1424
25,28033,1425
25,28051,1426
25,28061,1427
25,28135,1428
25,28023,1429
25,28123,1430
25,28035,1431
25,28037,1432
25,28039,1433
25,28041,1434
25,28151,1435
25,28083,1436
25,28043,1437
25,28093,1438
25,28053,1439
25,28057,1440
25,28059,1441
25,28063,1442
25,28065,1443
25,28067,1444
25,28069,1445
25,28071,1446
25,28073,1447
25,28075,1448
25,28077,1449
25,28079,1450
25,28159,1451
25,28113,1452
25,28097,1453
25,28001,1454
25,28099,1455
25,28145,1456
25,28101,1457
25,28107,1458
25,28139,1459
25,28103,1460
25,28121,1461
25,28109,1462
25,28111,1463
25,28115,1464
25,28119,1465
25,28137,1466
25,28125,1467
25,28127,1468
25,28129,1469
25,28131,1470
25,28141,1471
25,28143,1472
25,28147,1473
25,28149,1474
25,28153,1475
25,28155,1476
25,28157,1477
25,28163,1478
26,29125,1479
26,29081,1480
26,29143,1481
26,29019,1482
26,29013,1483
26,29207,1484
26,29189,1485
26,29075,1486
26,29107,1487
26,29157,1488
26,29149,1489
26,29185,1490
26,29093,1491
26,29037,1492
26,29077,1493
26,29121,1494
26,29109,1495
26,29067,1496
26,29003,1497
26,29097,1498
26,29153,1499
26,29201,1500
26,29043,1501
26,29187,1502
26,29053,1503
26,29209,1504
26,29095,1505
26,29167,1506
26,29163,1507
26,29033,1508
26,29055,1509
26,29213,1510
26,29155,1511
26,29001,1512
26,29025,1513
26,29217,1514
26,29115,1515
26,29041,1516
26,29059,1517
26,29179,1518
26,29215,1519
26,29083,1520
26,29135,1521
26,29029,1522
26,29049,1523
26,29069,1524
26,29111,1525
26,29031,1526
26,29009,1527
26,29101,1528
26,29183,1529
26,29151,1530
26,29133,1531
26,29117,1532
26,29223,1533
26,29015,1534
26,29051,1535
26,29007,1536
26,29105,1537
26,29087,1538
26,29169,1539
26,29099,1540
26,29057,1541
26,29021,1542
26,29065,1543
26,29145,1544
26,29181,1545
26,29035,1546
26,29103,1547
26,29039,1548
26,29131,1549
26,29113,1550
26,29203,1551
26,29047,1552
26,29005,1553
26,29091,1554
26,29089,1555
26,29225,1556
26,29071,1557
26,29123,1558
26,29027,1559
26,29061,1560
26,29079,1561
26,29195,1562
26,29011,1563
26,29199,1564
26,29211,1565
26,29159,1566
26,29127,1567
26,29177,1568
26,29229,1569
26,29073,1570
26,29085,1571
26,29175,1572
26,29137,1573
26,29147,1574
26,29045,1575
26,29017,1576
26,29063,1577
26,29119,1578
26,29129,1579
26,29139,1580
26,29023,1581
26,29161,1582
26,29165,1583
26,29221,1584
26,29171,1585
26,29173,1586
26,29197,1587
26,29205,1588
26,29510,1589
26,29186,1590
26,29141,1591
26,29219,1592
26,29227,1593
27,30015,1594
27,30029,1595
27,30035,1596
27,30049,1597
27,30075,1598
27,30087,1599
27,30005,1600
27,30013,1601
27,30017,1602
27,30091,1603
27,30021,1604
27,30027,1605
27,30031,1606
27,30063,1607
27,30067,1608
27,30073,1609
27,30077,1610
27,30081,1611
27,30085,1612
27,30089,1613
27,30095,1614
27,30111,1615
27,30101,1616
27,30051,1617
27,30041,1618
27,30099,1619
27,30061,1620
27,30011,1621
27,30023,1622
27,30047,1623
27,30025,1624
27,30043,1625
27,30001,1626
27,30009,1627
27,30003,1628
27,30097,1629
27,30007,1630
27,30083,1631
27,30093,1632
27,30053,1633
27,30055,1634
27,30033,1635
27,30071,1636
27,30039,1637
27,30057,1638
27,30105,1639
27,30045,1640
27,30107,1641
27,30103,1642
27,30037,1643
27,30059,1644
27,30065,1645
27,30019,1646
27,30079,1647
27,30109,1648
27,30069,1649
28,31023,1650
28,31027,1651
28,31037,1652
28,31039,1653
28,31041,1654
28,31065,1655
28,31079,1656
28,31029,1657
28,31089,1658
28,31109,1659
28,31111,1660
28,31119,1661
28,31129,1662
28,31155,1663
28,31167,1664
28,31061,1665
28,31001,1666
28,31007,1667
28,31011,1668
28,31019,1669
28,31021,1670
28,31033,1671
28,31053,1672
28,31057,1673
28,31083,1674
28,31093,1675
28,31121,1676
28,31123,1677
28,31125,1678
28,31151,1679
28,31157,1680
28,31159,1681
28,31049,1682
28,31063,1683
28,31141,1684
28,31067,1685
28,31185,1686
28,31059,1687
28,31003,1688
28,31087,1689
28,31035,1690
28,31143,1691
28,31169,1692
28,31099,1693
28,31051,1694
28,31043,1695
28,31077,1696
28,31135,1697
28,31055,1698
28,31161,1699
28,31097,1700
28,31145,1701
28,31147,1702
28,31015,1703
28,31025,1704
28,31017,1705
28,31013,1706
28,31175,1707
28,31177,1708
28,31005,1709
28,31127,1710
28,31081,1711
28,31153,1712
28,31137,1713
28,31107,1714
28,31181,1715
28,31071,1716
28,31045,1717
28,31031,1718
28,31047,1719
28,31095,1720
28,31085,1721
28,31173,1722
28,31073,1723
28,31069,1724
28,31075,1725
28,31103,1726
28,31105,1727
28,31133,1728
28,31163,1729
28,31115,1730
28,31117,1731
28,31091,1732
28,31131,1733
28,31101,1734
28,31139,1735
28,31149,1736
28,31009,1737
28,31165,1738
28,31113,1739
28,31171,1740
28,31179,1741
28,31183,1742
29,32001,1743
29,32003,1744
29,32005,1745
29,32007,1746
29,32009,1747
29,32011,1748
29,32013,1749
29,32015,1750
29,32017,1751
29,32019,1752
29,32021,1753
29,32023,1754
29,32510,1755
29,32027,1756
29,32029,1757
29,32031,1758
29,32033,1759
30,33013,1760
30,33015,1761
30,33007,1762
30,33017,1763
30,33003,1764
30,33001,1765
30,33011,1766
30,33009,1767
30,33005,1768
30,33019,1769
31,34027,1770
31,34039,1771
31,34001,1772
31,34003,1773
31,34041,1774
31,34035,1775
31,34019,1776
31,34015,1777
31,34025,1778
31,34033,1779
31,34037,1780
31,34007,1781
31,34009,1782
31,34005,1783
31,34029,1784
31,34017,1785
31,34013,1786
31,34031,1787
31,34011,1788
31,34023,1789
31,34021,1790
32,35019,1791
32,35043,1792
32,35035,1793
32,35001,1794
32,35023,1795
32,35015,1796
32,35045,1797
32,35061,1798
32,35027,1799
32,35039,1800
32,35007,1801
32,35059,1802
32,35009,1803
32,35017,1804
32,35029,1805
32,35005,1806
32,35041,1807
32,35057,1808
32,35025,1809
32,35011,1810
32,35013,1811
32,35031,1812
32,35006,1813
32,35037,1814
32,35047,1815
32,35028,1816
32,35053,1817
32,35033,1818
32,35021,1819
32,35055,1820
32,35049,1821
32,35003,1822
32,35051,1823
33,36043,1824
33,36065,1825
33,36089,1826
33,36093,1827
33,36035,1828
33,36077,1829
33,36101,1830
33,36103,1831
33,36019,1832
33,36095,1833
33,36003,1834
33,36053,1835
33,36099,1836
33,36009,1837
33,36083,1838
33,36013,1839
33,36017,1840
33,36105,1841
33,36057,1842
33,36113,1843
33,36045,1844
33,36029,1845
33,36001,1846
33,36073,1847
33,36037,1848
33,36007,1849
33,36075,1850
33,36025,1851
33,36119,1852
33,36115,1853
33,36027,1854
33,36121,1855
33,36011,1856
33,36051,1857
33,36059,1858
33,36067,1859
33,36091,1860
33,36063,1861
33,36049,1862
33,36071,1863
33,36069,1864
33,36097,1865
33,36079,1866
33,36055,1867
33,36033,1868
33,36039,1869
33,36107,1870
33,36021,1871
33,36023,1872
33,36117,1873
33,36031,1874
33,36109,1875
33,36123,1876
33,36111,1877
33,36015,1878
33,36087,1879
33,36041,1880
33,36061,1881
34,37051,1882
34,37147,1883
34,37001,1884
34,37003,1885
34,37005,1886
34,37007,1887
34,37009,1888
34,37151,1889
34,37021,1890
34,37011,1891
34,37013,1892
34,37015,1893
34,37017,1894
34,37019,1895
34,37023,1896
34,37025,1897
34,37027,1898
34,37029,1899
34,37031,1900
34,37033,1901
34,37035,1902
34,37135,1903
34,37037,1904
34,37039,1905
34,37041,1906
34,37043,1907
34,37045,1908
34,37163,1909
34,37047,1910
34,37053,1911
34,37055,1912
34,37057,1913
34,37059,1914
34,37061,1915
34,37063,1916
34,37065,1917
34,37193,1918
34,37171,1919
34,37067,1920
34,37069,1921
34,37071,1922
34,37073,1923
34,37075,1924
34,37077,1925
34,37079,1926
34,37081,1927
34,37083,1928
34,37085,1929
34,37087,1930
34,37089,1931
34,37091,1932
34,37093,1933
34,37095,1934
34,37097,1935
34,37099,1936
34,37101,1937
34,37103,1938
34,37105,1939
34,37107,1940
34,37109,1941
34,37113,1942
34,37115,1943
34,37117,1944
34,37111,1945
34,37119,1946
34,37121,1947
34,37123,1948
34,37125,1949
34,37127,1950
34,37049,1951
34,37129,1952
34,37131,1953
34,37133,1954
34,37137,1955
34,37139,1956
34,37141,1957
34,37143,1958
34,37145,1959
34,37149,1960
34,37153,1961
34,37155,1962
34,37157,1963
34,37159,1964
34,37161,1965
34,37165,1966
34,37167,1967
34,37169,1968
34,37173,1969
34,37175,1970
34,37177,1971
34,37179,1972
34,37181,1973
34,37183,1974
34,37185,1975
34,37187,1976
34,37189,1977
34,37191,1978
34,37195,1979
34,37197,1980
34,37199,1981
35,38015,1982
35,38029,1983
35,38067,1984
35,38093,1985
35,38011,1986
35,38013,1987
35,38017,1988
35,38041,1989
35,38049,1990
35,38057,1991
35,38073,1992
35,38077,1993
35,38087,1994
35,38089,1995
35,38105,1996
35,38063,1997
35,38097,1998
35,38039,1999
35,38047,2000
35,38037,2001
35,38103,2002
35,38075,2003
35,38035,2004
35,38065,2005
35,38031,2006
35,38099,2007
35,38045,2008
35,38101,2009
35,38027,2010
35,38003,2011
35,38043,2012
35,38095,2013
35,38059,2014
35,38069,2015
35,38009,2016
35,38053,2017
35,38051,2018
35,38033,2019
35,38079,2020
35,38007,2021
35,38071,2022
35,38023,2023
35,38021,2024
35,38091,2025
35,38005,2026
35,38085,2027
35,38055,2028
35,38083,2029
35,38025,2030
35,38001,2031
35,38019,2032
35,38081,2033
35,38061,2034
36,39061,2035
36,39151,2036
36,39119,2037
36,39145,2038
36,39127,2039
36,39053,2040
36,39043,2041
36,39059,2042
36,39051,2043
36,39147,2044
36,39139,2045
36,39125,2046
36,39009,2047
36,39021,2048
36,39141,2049
36,39017,2050
36,39001,2051
36,39153,2052
36,39005,2053
36,39007,2054
36,39035,2055
36,39013,2056
36,39091,2057
36,39077,2058
36,39167,2059
36,39049,2060
36,39173,2061
36,39103,2062
36,39171,2063
36,39033,2064
36,39099,2065
36,39113,2066
36,39129,2067
36,39157,2068
36,39031,2069
36,39039,2070
36,39041,2071
36,39161,2072
36,39029,2073
36,39135,2074
36,39093,2075
36,39057,2076
36,39063,2077
36,39165,2078
36,39143,2079
36,39155,2080
36,39037,2081
36,39089,2082
36,39071,2083
36,39087,2084
36,39079,2085
36,39133,2086
36,39045,2087
36,39003,2088
36,39073,2089
36,39097,2090
36,39101,2091
36,39095,2092
36,39069,2093
36,39169,2094
36,39109,2095
36,39123,2096
36,39011,2097
36,39023,2098
36,39081,2099
36,39085,2100
36,39027,2101
36,39065,2102
36,39067,2103
36,39121,2104
36,39175,2105
36,39019,2106
36,39107,2107
36,39015,2108
36,39159,2109
36,39025,2110
36,39117,2111
36,39055,2112
36,39075,2113
36,39083,2114
36,39105,2115
36,39111,2116
36,39115,2117
36,39131,2118
36,39137,2119
36,39149,2120
36,39163,2121
36,39047,2122
37,40003,2123
37,40149,2124
37,40039,2125
37,40103,2126
37,40105,2127
37,40047,2128
37,40089,2129
37,40113,2130
37,40133,2131
37,40019,2132
37,40005,2133
37,40021,2134
37,40015,2135
37,40011,2136
37,40119,2137
37,40101,2138
37,40009,2139
37,40017,2140
37,40027,2141
37,40037,2142
37,40041,2143
37,40063,2144
37,40065,2145
37,40071,2146
37,40073,2147
37,40093,2148
37,40087,2149
37,40109,2150
37,40111,2151
37,40123,2152
37,40125,2153
37,40137,2154
37,40141,2155
37,40143,2156
37,40147,2157
37,40153,2158
37,40107,2159
37,40013,2160
37,40097,2161
37,40115,2162
37,40081,2163
37,40127,2164
37,40051,2165
37,40151,2166
37,40079,2167
37,40045,2168
37,40007,2169
37,40135,2170
37,40001,2171
37,40033,2172
37,40031,2173
37,40035,2174
37,40025,2175
37,40023,2176
37,40059,2177
37,40077,2178
37,40121,2179
37,40131,2180
37,40091,2181
37,40129,2182
37,40117,2183
37,40029,2184
37,40069,2185
37,40145,2186
37,40083,2187
37,40099,2188
37,40049,2189
37,40139,2190
37,40055,2191
37,40085,2192
37,40075,2193
37,40057,2194
37,40061,2195
37,40095,2196
37,40053,2197
37,40043,2198
37,40067,2199
38,41053,2200
38,41047,2201
38,41071,2202
38,41043,2203
38,41065,2204
38,41067,2205
38,41011,2206
38,41019,2207
38,41021,2208
38,41023,2209
38,41025,2210
38,41029,2211
38,41031,2212
38,41037,2213
38,41039,2214
38,41059,2215
38,41061,2216
38,41063,2217
38,41007,2218
38,41049,2219
38,41003,2220
38,41001,2221
38,41017,2222
38,41015,2223
38,41005,2224
38,41051,2225
38,41009,2226
38,41013,2227
38,41069,2228
38,41033,2229
38,41027,2230
38,41035,2231
38,41041,2232
38,41057,2233
38,41055,2234
39,42009,2235
39,42071,2236
39,42115,2237
39,42057,2238
39,42003,2239
39,42101,2240
39,42055,2241
39,42007,2242
39,42069,2243
39,42091,2244
39,42051,2245
39,42077,2246
39,42031,2247
39,42013,2248
39,42011,2249
39,42075,2250
39,42063,2251
39,42005,2252
39,42015,2253
39,42105,2254
39,42125,2255
39,42029,2256
39,42019,2257
39,42027,2258
39,42095,2259
39,42129,2260
39,42017,2261
39,42037,2262
39,42111,2263
39,42001,2264
39,42079,2265
39,42041,2266
39,42021,2267
39,42107,2268
39,42083,2269
39,42065,2270
39,42023,2271
39,42059,2272
39,42043,2273
39,42133,2274
39,42045,2275
39,42033,2276
39,42085,2277
39,42039,2278
39,42049,2279
39,42121,2280
39,42093,2281
39,42103,2282
39,42053,2283
39,42081,2284
39,42089,2285
39,42073,2286
39,42099,2287
39,42061,2288
39,42025,2289
39,42047,2290
39,42067,2291
39,42035,2292
39,42131,2293
39,42119,2294
39,42097,2295
39,42109,2296
39,42087,2297
39,42117,2298
39,42113,2299
39,42123,2300
39,42127,2301
40,44007,2302
40,44003,2303
40,44001,2304
40,44009,2305
40,44005,2306
41,45035,2307
41,45047,2308
41,45075,2309
41,45083,2310
41,45067,2311
41,45001,2312
41,45003,2313
41,45005,2314
41,45007,2315
41,45009,2316
41,45011,2317
41,45053,2318
41,45013,2319
41,45015,2320
41,45017,2321
41,45019,2322
41,45021,2323
41,45023,2324
41,45025,2325
41,45027,2326
41,45029,2327
41,45031,2328
41,45033,2329
41,45037,2330
41,45039,2331
41,45041,2332
41,45043,2333
41,45045,2334
41,45049,2335
41,45051,2336
41,45055,2337
41,45057,2338
41,45059,2339
41,45061,2340
41,45063,2341
41,45079,2342
41,45069,2343
41,45065,2344
41,45071,2345
41,45073,2346
41,45077,2347
41,45081,2348
41,45085,2349
41,45087,2350
41,45089,2351
41,45091,2352
42,46051,2353
42,46109,2354
42,46097,2355
42,46127,2356
42,46013,2357
42,46039,2358
42,46091,2359
42,46119,2360
42,46115,2361
42,46083,2362
42,46087,2363
42,46079,2364
42,46129,2365
42,46061,2366
42,46077,2367
42,46043,2368
42,46111,2369
42,46009,2370
42,46099,2371
42,46019,2372
42,46007,2373
42,46105,2374
42,46053,2375
42,46045,2376
42,46011,2377
42,46063,2378
42,46057,2379
42,46125,2380
42,46015,2381
42,46025,2382
42,46101,2383
42,46123,2384
42,46033,2385
42,46103,2386
42,46137,2387
42,46075,2388
42,46041,2389
42,46047,2390
42,46035,2391
42,46089,2392
42,46093,2393
42,46049,2394
42,46029,2395
42,46117,2396
42,46067,2397
42,46135,2398
42,46107,2399
42,46055,2400
42,46021,2401
42,46005,2402
42,46023,2403
42,46081,2404
42,46085,2405
42,46031,2406
42,46059,2407
42,46065,2408
42,46003,2409
42,46037,2410
42,46113,2411
42,46102,2412
42,46121,2413
42,46027,2414
42,46073,2415
42,46095,2416
42,46071,2417
42,46069,2418
43,47063,2419
43,47033,2420
43,47009,2421
43,47001,2422
43,47107,2423
43,47037,2424
43,47157,2425
43,47003,2426
43,47005,2427
43,47007,2428
43,47011,2429
43,47163,2430
43,47013,2431
43,47015,2432
43,47017,2433
43,47019,2434
43,47021,2435
43,47023,2436
43,47025,2437
43,47027,2438
43,47029,2439
43,47031,2440
43,47035,2441
43,47143,2442
43,47039,2443
43,47041,2444
43,47043,2445
43,47045,2446
43,47047,2447
43,47103,2448
43,47049,2449
43,47187,2450
43,47051,2451
43,47053,2452
43,47055,2453
43,47057,2454
43,47059,2455
43,47061,2456
43,47065,2457
43,47067,2458
43,47069,2459
43,47071,2460
43,47073,2461
43,47075,2462
43,47077,2463
43,47079,2464
43,47081,2465
43,47083,2466
43,47085,2467
43,47087,2468
43,47089,2469
43,47179,2470
43,47091,2471
43,47093,2472
43,47095,2473
43,47097,2474
43,47099,2475
43,47189,2476
43,47105,2477
43,47101,2478
43,47111,2479
43,47113,2480
43,47115,2481
43,47117,2482
43,47119,2483
43,47109,2484
43,47121,2485
43,47123,2486
43,47125,2487
43,47127,2488
43,47129,2489
43,47149,2490
43,47131,2491
43,47151,2492
43,47133,2493
43,47135,2494
43,47137,2495
43,47139,2496
43,47141,2497
43,47145,2498
43,47147,2499
43,47153,2500
43,47155,2501
43,47159,2502
43,47161,2503
43,47165,2504
43,47167,2505
43,47169,2506
43,47171,2507
43,47173,2508
43,47175,2509
43,47177,2510
43,47181,2511
43,47183,2512
43,47185,2513
44,48107,2514
44,48125,2515
44,48137,2516
44,48353,2517
44,48433,2518
44,48083,2519
44,48209,2520
44,48251,2521
44,48277,2522
44,48201,2523
44,48029,2524
44,48113,2525
44,48141,2526
44,48183,2527
44,48215,2528
44,48303,2529
44,48309,2530
44,48329,2531
44,48355,2532
44,48245,2533
44,48381,2534
44,48439,2535
44,48441,2536
44,48449,2537
44,48063,2538
44,48451,2539
44,48453,2540
44,48469,2541
44,48471,2542
44,48485,2543
44,48041,2544
44,48217,2545
44,48189,2546
44,48027,2547
44,48359,2548
44,48499,2549
44,48417,2550
44,48367,2551
44,48249,2552
44,48085,2553
44,48043,2554
44,48073,2555
44,48039,2556
44,48497,2557
44,48375,2558
44,48279,2559
44,48071,2560
44,48185,2561
44,48003,2562
44,48253,2563
44,48219,2564
44,48455,2565
44,48007,2566
44,48409,2567
44,48009,2568
44,48121,2569
44,48423,2570
44,48213,2571
44,48067,2572
44,48391,2573
44,48139,2574
44,48387,2575
44,48059,2576
44,48399,2577
44,48389,2578
44,48019,2579
44,48049,2580
44,48021,2581
44,48321,2582
44,48365,2583
44,48025,2584
44,48077,2585
44,48181,2586
44,48015,2587
44,48275,2588
44,48459,2589
44,48373,2590
44,48227,2591
44,48031,2592
44,48231,2593
44,48349,2594
44,48143,2595
44,48259,2596
44,48481,2597
44,48147,2598
44,48295,2599
44,48033,2600
44,48233,2601
44,48369,2602
44,48337,2603
44,48271,2604
44,48307,2605
44,48429,2606
44,48395,2607
44,48477,2608
44,48361,2609
44,48483,2610
44,48405,2611
44,48081,2612
44,48403,2613
44,48241,2614
44,48047,2615
44,48445,2616
44,48061,2617
44,48237,2618
44,48331,2619
44,48371,2620
44,48289,2621
44,48351,2622
44,48053,2623
44,48051,2624
44,48057,2625
44,48097,2626
44,48211,2627
44,48467,2628
44,48401,2629
44,48127,2630
44,48001,2631
44,48419,2632
44,48265,2633
44,48347,2634
44,48005,2635
44,48199,2636
44,48205,2637
44,48013,2638
44,48411,2639
44,48457,2640
44,48075,2641
44,48197,2642
44,48145,2643
44,48133,2644
44,48129,2645
44,48011,2646
44,48167,2647
44,48291,2648
44,48035,2649
44,48407,2650
44,48335,2651
44,48089,2652
44,48091,2653
44,48093,2654
44,48223,2655
44,48465,2656
44,48339,2657
44,48293,2658
44,48119,2659
44,48099,2660
44,48283,2661
44,48491,2662
44,48257,2663
44,48103,2664
44,48105,2665
44,48225,2666
44,48155,2667
44,48507,2668
44,48123,2669
44,48109,2670
44,48325,2671
44,48343,2672
44,48111,2673
44,48115,2674
44,48037,2675
44,48229,2676
44,48501,2677
44,48161,2678
44,48163,2679
44,48287,2680
44,48069,2681
44,48171,2682
44,48341,2683
44,48323,2684
44,48135,2685
44,48095,2686
44,48239,2687
44,48203,2688
44,48193,2689
44,48285,2690
44,48255,2691
44,48149,2692
44,48493,2693
44,48153,2694
44,48157,2695
44,48131,2696
44,48243,2697
44,48297,2698
44,48173,2699
44,48425,2700
44,48333,2701
44,48175,2702
44,48177,2703
44,48363,2704
44,48317,2705
44,48503,2706
44,48221,2707
44,48475,2708
44,48179,2709
44,48065,2710
44,48195,2711
44,48269,2712
44,48437,2713
44,48487,2714
44,48207,2715
44,48473,2716
44,48117,2717
44,48415,2718
44,48263,2719
44,48315,2720
44,48247,2721
44,48267,2722
44,48261,2723
44,48495,2724
44,48273,2725
44,48463,2726
44,48281,2727
44,48479,2728
44,48489,2729
44,48385,2730
44,48299,2731
44,48055,2732
44,48165,2733
44,48313,2734
44,48377,2735
44,48187,2736
44,48319,2737
44,48461,2738
44,48311,2739
44,48191,2740
44,48327,2741
44,48079,2742
44,48235,2743
44,48393,2744
44,48345,2745
44,48159,2746
44,48017,2747
44,48305,2748
44,48101,2749
44,48357,2750
44,48169,2751
44,48379,2752
44,48383,2753
44,48427,2754
44,48151,2755
44,48397,2756
44,48087,2757
44,48413,2758
44,48023,2759
44,48045,2760
44,48435,2761
44,48431,2762
44,48421,2763
44,48443,2764
44,48447,2765
44,48505,2766
45,49049,2767
45,49001,2768
45,49003,2769
45,49005,2770
45,49035,2771
45,49007,2772
45,49009,2773
45,49011,2774
45,49013,2775
45,49015,2776
45,49017,2777
45,49019,2778
45,49021,2779
45,49023,2780
45,49025,2781
45,49027,2782
45,49029,2783
45,49039,2784
45,49043,2785
45,49057,2786
45,49031,2787
45,49033,2788
45,49037,2789
45,49041,2790
45,49045,2791
45,49047,2792
45,49051,2793
45,49053,2794
45,49055,2795
46,50021,2796
46,50023,2797
46,50019,2798
46,50003,2799
46,50007,2800
46,50001,2801
46,50017,2802
46,50025,2803
46,50027,2804
46,50013,2805
46,50011,2806
46,50005,2807
46,50015,2808
46,50009,2809
47,51001,2810
47,51540,2811
47,51510,2812
47,51005,2813
47,51007,2814
47,51009,2815
47,51011,2816
47,51013,2817
47,51015,2818
47,51017,2819
47,51515,2820
47,51019,2821
47,51021,2822
47,51023,2823
47,51520,2824
47,51025,2825
47,51027,2826
47,51029,2827
47,51530,2828
47,51031,2829
47,51033,2830
47,51035,2831
47,51036,2832
47,51037,2833
47,51550,2834
47,51041,2835
47,51043,2836
47,51193,2837
47,51570,2838
47,51580,2839
47,51045,2840
47,51047,2841
47,51049,2842
47,51590,2843
47,51051,2844
47,51053,2845
47,51595,2846
47,51057,2847
47,51600,2848
47,51059,2849
47,51610,2850
47,51061,2851
47,51063,2852
47,51065,2853
47,51620,2854
47,51067,2855
47,51840,2856
47,51630,2857
47,51640,2858
47,51071,2859
47,51073,2860
47,51075,2861
47,51077,2862
47,51079,2863
47,51083,2864
47,51650,2865
47,51085,2866
47,51660,2867
47,51087,2868
47,51089,2869
47,51091,2870
47,51670,2871
47,51093,2872
47,51097,2873
47,51099,2874
47,51101,2875
47,51103,2876
47,51105,2877
47,51678,2878
47,51107,2879
47,51109,2880
47,51111,2881
47,51680,2882
47,51683,2883
47,51113,2884
47,51685,2885
47,51690,2886
47,51115,2887
47,51117,2888
47,51119,2889
47,51121,2890
47,51125,2891
47,51127,2892
47,51700,2893
47,51710,2894
47,51131,2895
47,51133,2896
47,51720,2897
47,51135,2898
47,51137,2899
47,51139,2900
47,51141,2901
47,51730,2902
47,51143,2903
47,51735,2904
47,51740,2905
47,51145,2906
47,51147,2907
47,51149,2908
47,51153,2909
47,51155,2910
47,51750,2911
47,51157,2912
47,51760,2913
47,51159,2914
47,51770,2915
47,51161,2916
47,51163,2917
47,51167,2918
47,51775,2919
47,51169,2920
47,51171,2921
47,51173,2922
47,51175,2923
47,51177,2924
47,51179,2925
47,51790,2926
47,51800,2927
47,51181,2928
47,51183,2929
47,51185,2930
47,51810,2931
47,51187,2932
47,51191,2933
47,51820,2934
47,51095,2935
47,51830,2936
47,51195,2937
47,51197,2938
47,51199,2939
48,53033,2940
48,53019,2941
48,53015,2942
48,53007,2943
48,53011,2944
48,53035,2945
48,53057,2946
48,53063,2947
48,53067,2948
48,53021,2949
48,53077,2950
48,53027,2951
48,53041,2952
48,53043,2953
48,53061,2954
48,53003,2955
48,53073,2956
48,53001,2957
48,53053,2958
48,53039,2959
48,53047,2960
48,53017,2961
48,53031,2962
48,53009,2963
48,53065,2964
48,53037,2965
48,53075,2966
48,53071,2967
48,53029,2968
48,53051,2969
48,53013,2970
48,53025,2971
48,53005,2972
48,53045,2973
48,53055,2974
48,53059,2975
48,53049,2976
48,53023,2977
48,53069,2978
49,54001,2979
49,54003,2980
49,54005,2981
49,54007,2982
49,54009,2983
49,54011,2984
49,54013,2985
49,54015,2986
49,54017,2987
49,54019,2988
49,54021,2989
49,54023,2990
49,54025,2991
49,54027,2992
49,54029,2993
49,54031,2994
49,54033,2995
49,54035,2996
49,54037,2997
49,54039,2998
49,54041,2999
49,54043,3000
49,54045,3001
49,54049,3002
49,54051,3003
49,54053,3004
49,54047,3005
49,54055,3006
49,54057,3007
49,54059,3008
49,54061,3009
49,54063,3010
49,54065,3011
49,54067,3012
49,54069,3013
49,54071,3014
49,54073,3015
49,54075,3016
49,54077,3017
49,54079,3018
49,54081,3019
49,54083,3020
49,54085,3021
49,54087,3022
49,54089,3023
49,54091,3024
49,54093,3025
49,54095,3026
49,54097,3027
49,54099,3028
49,54101,3029
49,54103,3030
49,54105,3031
49,54107,3032
49,54109,3033
50,55133,3034
50,55121,3035
50,55043,3036
50,55009,3037
50,55127,3038
50,55019,3039
50,55015,3040
50,55059,3041
50,55115,3042
50,55099,3043
50,55001,3044
50,55005,3045
50,55045,3046
50,55061,3047
50,55011,3048
50,55053,3049
50,55097,3050
50,55035,3051
50,55095,3052
50,55067,3053
50,55087,3054
50,55065,3055
50,55003,3056
50,55073,3057
50,55141,3058
50,55109,3059
50,55063,3060
50,55111,3061
50,55049,3062
50,55007,3063
50,55027,3064
50,55025,3065
50,55105,3066
50,55047,3067
50,55129,3068
50,55017,3069
50,55125,3070
50,55033,3071
50,55079,3072
50,55107,3073
50,55101,3074
50,55021,3075
50,55055,3076
50,55039,3077
50,55081,3078
50,55117,3079
50,55089,3080
50,55135,3081
50,55075,3082
50,55041,3083
50,55123,3084
50,55023,3085
50,55091,3086
50,55093,3087
50,55057,3088
50,55131,3089
50,55037,3090
50,55029,3091
50,55083,3092
50,55119,3093
50,55013,3094
50,55113,3095
50,55051,3096
50,55103,3097
50,55071,3098
50,55031,3099
50,55139,3100
50,55078,3101
50,55069,3102
50,55085,3103
50,55077,3104
50,55137,3105
51,56001,3106
51,56013,3107
51,56007,3108
51,56003,3109
51,56035,3110
51,56005,3111
51,56021,3112
51,56029,3113
51,56009,3114
51,56011,3115
51,56041,3116
51,56015,3117
51,56031,3118
51,56017,3119
51,56019,3120
51,56023,3121
51,56027,3122
51,56025,3123
51,56045,3124
51,56037,3125
51,56033,3126
51,56043,3127
51,56039,3128